{"cameraMode":{"drawMode":0,"name":"Shaded","section":"Shading Mode"},"sceneLighting":true,"audioPlay":false,"sceneViewState":{"showFog":true,"showMaterialUpdate":false,"showSkybox":true,"showFlares":true,"showImageEffects":true,"showParticleSystems":true,"showVisualEffectGraphs":true,"m_FxEnabled":true},"in2DMode":false,"pivot":{"x":5.963470935821533,"y":0.6657575964927673,"z":-1.705001711845398},"rotation":{"x":-0.006650860421359539,"y":0.8915641903877258,"z":0.013098334893584252,"w":0.4526607096195221},"size":2.112729787826538,"orthographic":false}